Split,Category,Train WAPE (%),Val WAPE (%),Test WAPE (%),Test R2
Random Shuffle,"Bag Charms, Key Rings & Phone Charms",18.83,34.77,46.94,0.329
Random Shuffle,"Bags, Purses & Backpacks",4.15,12.51,12.14,0.682
Random Shuffle,"Baskets, Hampers & Wicker",6.98,21.17,18.47,0.869
Random Shuffle,Cake Cases & Baking Accessories,6.92,13.76,13.83,0.728
Random Shuffle,Cake Stands,6.85,15.29,15.42,0.714
Random Shuffle,"Candles, Incense & Matches",5.42,15.03,12.04,0.862
Random Shuffle,Children's Toys & Playsets,5.28,15.22,15.29,0.86
Random Shuffle,Christmas Decorations,4.45,11.98,8.98,0.985
Random Shuffle,Clocks & Timepieces,8.47,21.11,18.05,0.567
Random Shuffle,"Clothing, Accessories & Beauty",9.28,22.06,25.16,0.56
Random Shuffle,"Coat Racks, Hooks & Hangers",6.16,16.09,15.54,0.688
Random Shuffle,Colouring & Art Supplies,5.12,13.61,10.3,0.925
Random Shuffle,"Cushions, Quilts & Home Textiles",6.51,22.57,19.29,0.809
Random Shuffle,Cutlery & Chopping Boards,7.28,23.04,19.83,0.608
Random Shuffle,Decorative Hanging Ornaments & Figurines,4.81,11.88,12.24,0.893
Random Shuffle,Doormats & Doorstops,15.12,33.06,43.84,0.364
Random Shuffle,Easter Decorations,6.19,13.52,17.14,0.943
Random Shuffle,Egg Cups & Holders,7.14,19.84,21.92,0.785
Random Shuffle,Fairy Lights & Decorative Garlands,5.83,15.31,11.8,0.955
Random Shuffle,"Furniture, Cabinets & Storage Furniture",4.62,11.42,11.71,0.695
Random Shuffle,"Garden, Bird Feeding & Outdoor Décor",8.57,23.57,21.71,0.772
Random Shuffle,"Gift Wrap, Tape & Ribbons",4.71,11.4,14.48,0.82
Random Shuffle,"Glass Jars, Bottles & Vases",6.92,16.01,16.01,0.884
Random Shuffle,Hair Accessories,14.88,42.61,39.43,0.262
Random Shuffle,Hand Warmers & Umbrellas,6.84,15.55,18.37,0.875
Random Shuffle,Hot Water Bottles,6.74,13.71,15.53,0.95
Random Shuffle,"Jewellery - Bracelets, Rings & Brooches",5.9,19.11,11.8,0.928
Random Shuffle,Jewellery - Earrings,18.28,45.05,40.68,0.784
Random Shuffle,Jewellery - Necklaces,16.07,31.67,38.49,0.6
Random Shuffle,"Jigsaw Puzzles, Card Games & Board Games",7.06,16.02,25.87,0.702
Random Shuffle,Jumbo Bags & Shoppers,6.74,17.44,17.74,0.705
Random Shuffle,Kitchen Storage & Containers,7.95,22.1,20.49,0.54
Random Shuffle,Kitchen Utensils & Tools,5.26,12.24,14.29,0.847
Random Shuffle,Lamps & Lampshades,11.44,34.19,28.17,0.835
Random Shuffle,Lanterns,7.94,22.37,17.5,0.78
Random Shuffle,Lunch Boxes & Snack Bags,6.66,15.6,15.86,0.757
Random Shuffle,Memo Boards & Blackboards,9.7,25.46,20.9,0.675
Random Shuffle,Metal Signs & Plaques,5.87,14.97,16.62,0.676
Random Shuffle,Mirrors,11.2,23.29,22.96,0.711
Random Shuffle,"Mugs, Cups & Glasses",6.4,22.3,14.72,0.702
Random Shuffle,"Paper Napkins, Doilies & Bunting",4.82,11.38,13.89,0.634
Random Shuffle,Party & Event Accessories,11.43,21.07,29.48,0.399
Random Shuffle,Picture Frames & Photo Accessories,8.35,27.14,17.71,0.75
Random Shuffle,"Plates, Bowls, Trays & Serveware",5.98,15.21,11.97,0.853
Random Shuffle,Sewing & Craft Kits,6.57,18.21,18.08,0.832
Random Shuffle,"Stationery, Notebooks & Greeting Cards",4.92,13.1,16.31,0.73
Random Shuffle,"Stickers, Patches & Badges",14.79,33.79,28.99,0.474
Random Shuffle,Tea & Coffee Sets,10.81,20.99,29.63,0.579
Random Shuffle,Tealight Holders & Sets,4.07,8.44,9.84,0.889
Random Shuffle,Travel & Office Accessories,8.1,18.84,17.39,0.907
Random Shuffle,Trinket Boxes & Keepsakes,6.49,21.25,21.94,0.602
Random Shuffle,Unclassified,8.57,24.45,21.48,0.865
Random Shuffle,Wall Art & Prints,18.85,115.57,57.21,0.245
Random Shuffle,Wooden Letters & Number Tiles,6.52,13.0,16.02,0.816
Chronological,"Bag Charms, Key Rings & Phone Charms",13.85,47.45,98.58,-19.38
Chronological,"Bags, Purses & Backpacks",4.2,20.45,17.63,-2.124
Chronological,"Baskets, Hampers & Wicker",6.3,45.54,24.19,-0.357
Chronological,Cake Cases & Baking Accessories,6.19,31.51,11.97,-0.567
Chronological,Cake Stands,4.54,35.66,33.79,-0.32
Chronological,"Candles, Incense & Matches",5.22,38.73,23.71,-1.185
Chronological,Children's Toys & Playsets,4.95,46.36,37.28,-2.382
Chronological,Christmas Decorations,7.39,70.93,16.42,-0.784
Chronological,Clocks & Timepieces,8.21,53.99,30.99,-0.385
Chronological,"Clothing, Accessories & Beauty",8.36,47.74,34.87,-1.261
Chronological,"Coat Racks, Hooks & Hangers",5.26,18.88,25.58,-0.814
Chronological,Colouring & Art Supplies,4.51,34.23,41.97,-3.815
Chronological,"Cushions, Quilts & Home Textiles",7.47,49.42,60.13,-6.871
Chronological,Cutlery & Chopping Boards,6.48,39.83,32.34,-2.335
Chronological,Decorative Hanging Ornaments & Figurines,4.25,42.09,14.45,-0.235
Chronological,Doormats & Doorstops,12.33,85.57,73.08,-3.067
Chronological,Easter Decorations,3.98,120.75,330.19,-6.372
Chronological,Egg Cups & Holders,6.68,68.08,35.79,-0.217
Chronological,Fairy Lights & Decorative Garlands,4.82,45.53,43.28,-2.538
Chronological,"Furniture, Cabinets & Storage Furniture",4.12,26.88,11.34,0.159
Chronological,"Garden, Bird Feeding & Outdoor Décor",6.99,57.39,37.94,-0.555
Chronological,"Gift Wrap, Tape & Ribbons",4.19,42.03,15.85,-0.77
Chronological,"Glass Jars, Bottles & Vases",7.35,39.96,17.29,-0.344
Chronological,Hair Accessories,10.25,49.86,61.29,-0.368
Chronological,Hand Warmers & Umbrellas,6.29,50.99,31.52,-1.266
Chronological,Hot Water Bottles,5.26,70.21,44.71,-1.977
Chronological,"Jewellery - Bracelets, Rings & Brooches",4.93,41.64,27.21,-0.871
Chronological,Jewellery - Earrings,13.87,72.22,64.68,-0.454
Chronological,Jewellery - Necklaces,12.7,82.3,42.9,-1.688
Chronological,"Jigsaw Puzzles, Card Games & Board Games",7.68,49.81,31.86,-1.545
Chronological,Jumbo Bags & Shoppers,6.22,37.58,31.63,-0.222
Chronological,Kitchen Storage & Containers,7.76,26.13,17.14,-0.457
Chronological,Kitchen Utensils & Tools,4.62,22.15,36.57,-1.685
Chronological,Lamps & Lampshades,13.27,52.44,27.35,0.219
Chronological,Lanterns,7.24,47.31,33.94,-0.209
Chronological,Lunch Boxes & Snack Bags,5.53,29.06,30.01,-0.894
Chronological,Memo Boards & Blackboards,8.05,48.68,32.6,-0.004
Chronological,Metal Signs & Plaques,4.97,39.01,29.19,-0.275
Chronological,Mirrors,10.46,61.3,37.17,-0.556
Chronological,"Mugs, Cups & Glasses",4.22,37.31,45.59,-2.379
Chronological,"Paper Napkins, Doilies & Bunting",4.43,21.17,21.57,-0.097
Chronological,Party & Event Accessories,8.15,82.13,38.93,-0.242
Chronological,Picture Frames & Photo Accessories,5.81,39.86,37.35,-1.724
Chronological,"Plates, Bowls, Trays & Serveware",4.45,78.46,25.47,-0.001
Chronological,Sewing & Craft Kits,6.02,43.98,55.85,-3.825
Chronological,"Stationery, Notebooks & Greeting Cards",4.06,31.54,26.94,-1.573
Chronological,"Stickers, Patches & Badges",12.28,52.17,59.86,-2.366
Chronological,Tea & Coffee Sets,9.09,49.95,23.32,-0.056
Chronological,Tealight Holders & Sets,3.33,23.09,26.99,-2.658
Chronological,Travel & Office Accessories,7.3,37.13,58.23,-0.642
Chronological,Trinket Boxes & Keepsakes,5.28,54.65,39.24,-0.443
Chronological,Unclassified,7.54,57.19,46.77,-0.497
Chronological,Wall Art & Prints,12.11,96.29,277.39,-39.912
Chronological,Wooden Letters & Number Tiles,4.76,19.0,33.67,-0.28
Block-Shuffled,"Bag Charms, Key Rings & Phone Charms",15.81,28.14,48.89,-1.498
Block-Shuffled,"Bags, Purses & Backpacks",3.93,27.3,19.86,0.319
Block-Shuffled,"Baskets, Hampers & Wicker",5.91,47.64,42.46,0.462
Block-Shuffled,Cake Cases & Baking Accessories,6.27,16.66,24.18,-0.69
Block-Shuffled,Cake Stands,4.66,56.91,28.79,-0.668
Block-Shuffled,"Candles, Incense & Matches",4.82,30.14,21.71,0.513
Block-Shuffled,Children's Toys & Playsets,4.92,33.69,23.81,0.549
Block-Shuffled,Christmas Decorations,3.5,26.14,17.96,0.962
Block-Shuffled,Clocks & Timepieces,7.34,24.73,27.46,0.604
Block-Shuffled,"Clothing, Accessories & Beauty",8.16,33.96,40.09,0.12
Block-Shuffled,"Coat Racks, Hooks & Hangers",5.15,27.44,32.07,-0.31
Block-Shuffled,Colouring & Art Supplies,4.67,26.86,25.96,0.378
Block-Shuffled,"Cushions, Quilts & Home Textiles",5.52,36.35,41.24,-0.317
Block-Shuffled,Cutlery & Chopping Boards,6.88,41.96,26.31,0.304
Block-Shuffled,Decorative Hanging Ornaments & Figurines,4.29,20.34,24.69,0.837
Block-Shuffled,Doormats & Doorstops,13.6,97.86,56.96,-3.56
Block-Shuffled,Easter Decorations,5.98,36.94,38.97,0.753
Block-Shuffled,Egg Cups & Holders,7.28,52.02,39.74,0.028
Block-Shuffled,Fairy Lights & Decorative Garlands,4.01,39.76,38.51,0.509
Block-Shuffled,"Furniture, Cabinets & Storage Furniture",3.54,18.83,22.2,0.434
Block-Shuffled,"Garden, Bird Feeding & Outdoor Décor",7.2,65.58,33.88,0.184
Block-Shuffled,"Gift Wrap, Tape & Ribbons",4.58,17.51,20.01,0.754
Block-Shuffled,"Glass Jars, Bottles & Vases",5.65,28.05,32.41,0.343
Block-Shuffled,Hair Accessories,15.12,135.89,51.53,-0.14
Block-Shuffled,Hand Warmers & Umbrellas,5.36,49.23,25.61,0.807
Block-Shuffled,Hot Water Bottles,5.59,46.4,55.16,0.661
Block-Shuffled,"Jewellery - Bracelets, Rings & Brooches",6.52,19.35,22.55,0.593
Block-Shuffled,Jewellery - Earrings,12.4,81.28,79.58,0.24
Block-Shuffled,Jewellery - Necklaces,14.3,45.23,56.23,0.251
Block-Shuffled,"Jigsaw Puzzles, Card Games & Board Games",7.0,22.96,39.4,0.448
Block-Shuffled,Jumbo Bags & Shoppers,5.97,24.95,37.75,0.453
Block-Shuffled,Kitchen Storage & Containers,5.53,36.92,29.13,-0.25
Block-Shuffled,Kitchen Utensils & Tools,4.16,31.43,26.74,0.514
Block-Shuffled,Lamps & Lampshades,11.47,45.19,45.57,0.505
Block-Shuffled,Lanterns,6.66,33.63,46.94,-0.431
Block-Shuffled,Lunch Boxes & Snack Bags,5.38,27.58,27.06,0.463
Block-Shuffled,Memo Boards & Blackboards,8.83,40.96,36.78,-0.122
Block-Shuffled,Metal Signs & Plaques,5.96,46.6,33.21,-1.046
Block-Shuffled,Mirrors,9.83,37.22,33.95,0.386
Block-Shuffled,"Mugs, Cups & Glasses",5.79,18.51,28.67,0.15
Block-Shuffled,"Paper Napkins, Doilies & Bunting",4.3,25.5,21.38,0.1
Block-Shuffled,Party & Event Accessories,8.15,50.08,46.86,-0.193
Block-Shuffled,Picture Frames & Photo Accessories,8.01,32.09,33.46,0.537
Block-Shuffled,"Plates, Bowls, Trays & Serveware",4.73,28.56,31.48,-1.599
Block-Shuffled,Sewing & Craft Kits,5.57,25.07,26.36,-0.155
Block-Shuffled,"Stationery, Notebooks & Greeting Cards",4.27,26.05,20.84,0.647
Block-Shuffled,"Stickers, Patches & Badges",10.11,63.65,70.54,-3.301
Block-Shuffled,Tea & Coffee Sets,7.52,48.44,77.71,-3.514
Block-Shuffled,Tealight Holders & Sets,3.88,31.59,17.98,0.668
Block-Shuffled,Travel & Office Accessories,6.05,46.8,46.97,0.116
Block-Shuffled,Trinket Boxes & Keepsakes,4.86,35.82,35.4,-1.927
Block-Shuffled,Unclassified,7.65,65.26,42.26,0.049
Block-Shuffled,Wall Art & Prints,20.9,71.04,45.94,0.687
Block-Shuffled,Wooden Letters & Number Tiles,5.79,29.18,20.08,-0.381
TimeSeriesCV (gap=35),"Bag Charms, Key Rings & Phone Charms",10.18,,81.41,-5.713
TimeSeriesCV (gap=35),"Bags, Purses & Backpacks",4.28,,29.01,-2.102
TimeSeriesCV (gap=35),"Baskets, Hampers & Wicker",5.23,,58.04,-1.691
TimeSeriesCV (gap=35),Cake Cases & Baking Accessories,5.17,,29.97,-0.572
TimeSeriesCV (gap=35),Cake Stands,4.75,,38.89,-0.898
TimeSeriesCV (gap=35),"Candles, Incense & Matches",4.41,,37.01,-2.484
TimeSeriesCV (gap=35),Children's Toys & Playsets,4.32,,38.45,-1.49
TimeSeriesCV (gap=35),Christmas Decorations,6.57,,68.43,-5.252
TimeSeriesCV (gap=35),Clocks & Timepieces,6.23,,45.53,-0.871
TimeSeriesCV (gap=35),"Clothing, Accessories & Beauty",8.88,,54.44,-1.608
TimeSeriesCV (gap=35),"Coat Racks, Hooks & Hangers",5.08,,29.37,-0.521
TimeSeriesCV (gap=35),Colouring & Art Supplies,4.62,,37.23,-1.676
TimeSeriesCV (gap=35),"Cushions, Quilts & Home Textiles",7.73,,53.79,-2.651
TimeSeriesCV (gap=35),Cutlery & Chopping Boards,5.62,,37.01,-0.565
TimeSeriesCV (gap=35),Decorative Hanging Ornaments & Figurines,4.19,,47.44,-3.593
TimeSeriesCV (gap=35),Doormats & Doorstops,7.36,,81.96,-2.675
TimeSeriesCV (gap=35),Easter Decorations,3.63,,545.68,-71.339
TimeSeriesCV (gap=35),Egg Cups & Holders,6.18,,184.67,-48.505
TimeSeriesCV (gap=35),Fairy Lights & Decorative Garlands,4.38,,55.39,-2.523
TimeSeriesCV (gap=35),"Furniture, Cabinets & Storage Furniture",3.9,,22.74,-0.49
TimeSeriesCV (gap=35),"Garden, Bird Feeding & Outdoor Décor",5.36,,70.13,-3.28
TimeSeriesCV (gap=35),"Gift Wrap, Tape & Ribbons",4.27,,40.49,-2.225
TimeSeriesCV (gap=35),"Glass Jars, Bottles & Vases",6.5,,40.02,-1.222
TimeSeriesCV (gap=35),Hair Accessories,8.89,,81.81,-2.502
TimeSeriesCV (gap=35),Hand Warmers & Umbrellas,6.38,,62.08,-4.589
TimeSeriesCV (gap=35),Hot Water Bottles,4.87,,137.61,-35.1
TimeSeriesCV (gap=35),"Jewellery - Bracelets, Rings & Brooches",4.71,,45.12,-1.958
TimeSeriesCV (gap=35),Jewellery - Earrings,10.85,,94.98,-0.681
TimeSeriesCV (gap=35),Jewellery - Necklaces,10.44,,79.22,-1.347
TimeSeriesCV (gap=35),"Jigsaw Puzzles, Card Games & Board Games",7.06,,47.72,-1.905
TimeSeriesCV (gap=35),Jumbo Bags & Shoppers,6.65,,44.5,-1.502
TimeSeriesCV (gap=35),Kitchen Storage & Containers,7.67,,40.86,-1.156
TimeSeriesCV (gap=35),Kitchen Utensils & Tools,4.26,,35.56,-1.485
TimeSeriesCV (gap=35),Lamps & Lampshades,12.04,,65.52,-1.883
TimeSeriesCV (gap=35),Lanterns,8.99,,77.47,-7.901
TimeSeriesCV (gap=35),Lunch Boxes & Snack Bags,5.28,,34.54,-1.013
TimeSeriesCV (gap=35),Memo Boards & Blackboards,6.5,,46.47,-0.344
TimeSeriesCV (gap=35),Metal Signs & Plaques,4.79,,34.42,-0.37
TimeSeriesCV (gap=35),Mirrors,6.78,,54.62,-0.848
TimeSeriesCV (gap=35),"Mugs, Cups & Glasses",3.54,,28.0,-0.115
TimeSeriesCV (gap=35),"Paper Napkins, Doilies & Bunting",3.6,,25.89,-0.697
TimeSeriesCV (gap=35),Party & Event Accessories,8.14,,51.91,-1.859
TimeSeriesCV (gap=35),Picture Frames & Photo Accessories,5.48,,36.85,-0.906
TimeSeriesCV (gap=35),"Plates, Bowls, Trays & Serveware",3.99,,57.98,-5.864
TimeSeriesCV (gap=35),Sewing & Craft Kits,4.67,,44.22,-1.7
TimeSeriesCV (gap=35),"Stationery, Notebooks & Greeting Cards",4.21,,40.46,-2.487
TimeSeriesCV (gap=35),"Stickers, Patches & Badges",7.82,,65.05,-2.046
TimeSeriesCV (gap=35),Tea & Coffee Sets,8.35,,43.86,-0.585
TimeSeriesCV (gap=35),Tealight Holders & Sets,3.35,,29.48,-3.302
TimeSeriesCV (gap=35),Travel & Office Accessories,7.65,,51.19,-0.669
TimeSeriesCV (gap=35),Trinket Boxes & Keepsakes,4.76,,42.02,-0.761
TimeSeriesCV (gap=35),Unclassified,6.17,,135.61,-5.847
TimeSeriesCV (gap=35),Wall Art & Prints,11.51,,79.8,-1.148
TimeSeriesCV (gap=35),Wooden Letters & Number Tiles,4.53,,41.73,-2.497
